{
  "images" : [
    {
      "idiom" : "universal",
      "scale" : "1x"
    },
    {
      "graphics-feature-set" : "apple4",
      "idiom" : "universal",
      "scale" : "1x"
    },
    {
      "idiom" : "universal",
      "scale" : "2x"
    },
    {
      "graphics-feature-set" : "apple4",
      "idiom" : "universal",
      "scale" : "2x"
    },
    {
      "idiom" : "universal",
      "scale" : "3x"
    },
    {
      "graphics-feature-set" : "apple4",
      "idiom" : "universal",
      "scale" : "3x"
    }
  ],
  "info" : {
    "author" : "xcode",
    "version" : 1
  }
}
